{
  "version": 1,
  "author": "Anonymous maker",
  "editor": "wokwi",
  "parts": [
    { "type": "wokwi-arduino-uno", "id": "uno", "top": 0, "left": 0, "attrs": {} },
    { "type": "wokwi-servo", "id": "servo1", "top": -9.02, "left": 332.76, "attrs": {} },
    { "type": "wokwi-servo", "id": "servo2", "top": -112.64, "left": 339.52, "attrs": {} },
    { "type": "wokwi-servo", "id": "servo3", "top": -210.34, "left": 339.11, "attrs": {} },
    {
      "type": "wokwi-analog-joystick",
      "id": "joystick1",
      "top": -154.03,
      "left": -88.35,
      "attrs": {}
    }
  ],
  "connections": [
    [ "servo3:GND", "uno:GND.3", "black", [ "h-35.5", "v381.93", "h28.56" ] ],
    [ "servo2:GND", "uno:GND.3", "black", [ "h-35.13", "v285.77", "h10.04" ] ],
    [ "servo1:GND", "uno:GND.3", "black", [ "h-29.15", "v181.38", "h-2.32" ] ],
    [ "servo3:PWM", "uno:3", "green", [ "h-108.06", "v7.06" ] ],
    [ "servo2:PWM", "uno:4", "green", [ "h0" ] ],
    [ "servo1:PWM", "uno:5", "green", [ "h-43.81", "v-80.79", "h-77.19" ] ],
    [ "servo3:V+", "uno:5V", "green", [ "h-64.21", "v431.58", "h-113.87" ] ],
    [ "servo2:V+", "uno:5V", "green", [ "h-60.62", "v122.12", "h4.99", "v244.73", "h-102.89" ] ],
    [ "servo1:V+", "uno:5V", "green", [ "h-12.91", "v234.26", "h-161.82" ] ],
    [ "joystick1:VCC", "uno:5V", "red", [ "v279.14", "h13.86" ] ],
    [ "joystick1:VERT", "uno:A0", "green", [ "v255.43", "h39.38" ] ],
    [ "joystick1:HORZ", "uno:A1", "green", [ "v271.24", "h43.82" ] ],
    [ "joystick1:SEL", "uno:2", "green", [ "v31.57", "h261.6" ] ],
    [ "joystick1:GND", "uno:GND.2", "black", [ "v264.21", "h28.13" ] ]
  ]
}